source_id,answer,clue,part_of_speech,length,quality,dictionary_bits,review_decision,review_notes
"wn30:02321757-v","steal","take without the owner's consent","verb","5","95","3","",""
"wn30:08212347-n","men","the force of workers available","noun","3","95","3","",""
"wn30:00074641-r","forward","at or to or toward the front","adverb","7","95","3","",""
"wn30:00875394-v","suggest","make a proposal, declare a plan for something","verb","7","95","3","",""
"wn30:00965035-v","report","to give an account or representation of in words","verb","6","95","3","",""
"wn30:02238085-v","obtain","come into possession of","verb","6","95","3","",""
"wn30:05320899-n","ear","the sense organ for hearing and equilibrium","noun","3","95","3","",""
"wn30:05849789-n","feature","a prominent attribute or aspect of something","noun","7","95","3","",""
"wn30:10193967-n","husband","a married man; a woman's partner in marriage","noun","7","95","3","",""
"wn30:02991711-n","cell","any small compartment","noun","4","95","3","",""
"wn30:05194578-n","force","a powerful effect or influence","noun","5","95","3","",""
"wn30:01930874-v","drive","operate or control a vehicle","verb","5","95","3","",""
"wn30:01494310-v","set","put into a certain place or abstract location","verb","3","95","3","",""
"wn30:01752495-v","produce","bring forth or yield","verb","7","95","3","",""
"wn30:00917772-v","predict","make a prediction about; tell in advance","verb","7","95","3","",""
"wn30:08322981-n","board","a committee having supervisory powers","noun","5","95","3","",""
"wn30:02140033-v","display","to show, make visible or apparent","verb","7","95","3","",""
"wn30:00048739-r","immediately","without delay or hesitation; with no time intervening","adverb","11","95","3","",""
"wn30:01496021-a","minimal","the least possible","adjective","7","95","3","",""
"wn30:00784342-v","ask","inquire about","verb","3","95","3","",""
"wn30:02627934-v","need","require as useful, just, or proper","verb","4","95","3","",""
"wn30:01617192-v","create","make or cause to be or to become","verb","6","95","3","",""
"wn30:00008600-r","alone","without any others being included or involved","adverb","5","95","3","",""
"wn30:01640855-v","accomplish","put in effect","verb","10","95","3","",""
"wn30:06724763-n","description","a statement that represents something in words","noun","11","95","3","",""
"wn30:02708420-v","spend","pass time in a specific way","verb","5","95","3","",""
"wn30:00027795-r","yet","up to the present time","adverb","3","95","3","",""
"wn30:01767163-v","worry","be worried, concerned, anxious, troubled, or uneasy","verb","5","95","3","",""
"wn30:04928903-n","manner","how something is done or how it happens","noun","6","95","3","",""
"wn30:02219940-v","sponsor","assume sponsorship of","verb","7","95","3","",""
"wn30:07480068-n","emotion","any strong feeling","noun","7","95","3","",""
"wn30:02665282-v","resemble","appear like; be similar or bear a likeness to","verb","8","95","3","",""
"wn30:02075462-v","flee","run away quickly","verb","4","95","3","",""
"wn30:00829107-v","teach","impart skills or knowledge to","verb","5","95","3","",""
"wn30:00490035-a","unusual","not usual or common or ordinary","adjective","7","95","3","",""
"wn30:00145713-r","enough","as much as necessary","adverb","6","95","3","",""
"wn30:07325990-n","onset","the beginning or early stages","noun","5","95","3","",""
"wn30:02514187-v","treat","interact in a certain way","verb","5","95","3","",""
"wn30:01698271-v","write","produce a literary work","verb","5","95","3","",""
"wn30:00775831-v","oppose","be against; express opposition to","verb","6","95","3","",""
"wn30:08208016-n","personnel","group of people willing to obey orders","noun","9","95","3","",""
"wn30:02069355-a","other","not the same one or ones already mentioned or implied","adjective","5","95","3","",""
"wn30:05330244-n","thyroid","located near the base of the neck","noun","7","95","3","",""
"wn30:00980527-a","slow","not moving quickly; taking a comparatively long time","adjective","4","95","3","",""
"wn30:14462946-n","weakness","a flaw or weak point","noun","8","95","3","",""
"wn30:15166191-n","afternoon","the part of the day between noon and evening","noun","9","95","3","",""
"wn30:02632940-v","include","have as a part, be made up out of","verb","7","95","3","",""
"wn30:00024073-r","not","negation of a word or group of words","adverb","3","95","3","",""
"wn30:01745722-v","publish","put into print","verb","7","95","3","",""
"wn30:00410247-n","practice","a customary way of operation or behavior","noun","8","95","3","",""
"wn30:01380638-v","gather","assemble or get together","verb","6","95","3","",""
"wn30:02132745-v","stare","look at with fixed eyes","verb","5","95","3","",""
"wn30:01002956-n","observation","the act of making and recording a measurement","noun","11","95","3","",""
"wn30:15227846-n","hour","a period of time equal to 1/24th of a day","noun","4","95","3","",""
"wn30:00155621-r","generally","usually; as a rule","adverb","9","95","3","",""
"wn30:02136892-v","reflect","manifest or bring back","verb","7","95","3","",""
"wn30:00035058-r","frequently","many times at short intervals","adverb","10","95","3","",""
"wn30:02035919-v","bend","form a curve","verb","4","95","3","",""
"wn30:00588888-v","understand","know and comprehend the nature or meaning of","verb","10","95","3","",""
"wn30:02144835-v","hide","prevent from being seen or discovered","verb","4","95","3","",""
"wn30:01977701-v","drop","let fall to the ground","verb","4","95","3","",""
"wn30:01569566-v","install","set up for use","verb","7","95","3","",""
"wn30:00226550-r","over","at or to a point across intervening space etc","adverb","4","95","3","",""
"wn30:00877625-n","glance","a quick look","noun","6","95","3","",""
"wn30:05856388-n","value","a numerical quantity measured or assigned or computed","noun","5","95","3","",""
"wn30:02916350-n","bullet","a projectile that is fired from a gun","noun","6","95","3","",""
"wn30:01447257-v","press","exert pressure or force to or upon","verb","5","95","3","",""
"wn30:00607780-v","remember","recall knowledge from memory; have a recollection","verb","8","95","3","",""
"wn30:06891493-n","performance","a dramatic or musical entertainment","noun","11","95","3","",""
"wn30:00084223-r","particularly","to a distinctly greater extent or degree than is common","adverb","12","95","3","",""
"wn30:01998432-v","follow","to travel behind, go after, come after","verb","6","95","3","",""
"wn30:03540595-n","hospital","a health facility where patients receive treatment","noun","8","95","3","",""
"wn30:01086545-a","empty","holding or containing nothing","adjective","5","95","3","",""
"wn30:09945905-n","companion","a friend who is frequently in the company of another","noun","9","95","3","",""
"wn30:00802318-v","permit","consent to, give permission","verb","6","95","3","",""
"wn30:00047534-r","also","in addition","adverb","4","95","3","",""
"wn30:01114824-n","sale","a particular instance of selling","noun","4","95","3","",""
"wn30:00300247-r","maybe","by chance","adverb","5","95","3","",""
"wn30:00109151-r","there","in or at that place","adverb","5","95","3","",""
"wn30:10153414-n","guy","an informal term for a youth or man","noun","3","95","3","",""
"wn30:00610167-v","forget","dismiss from the mind; stop remembering","verb","6","95","3","",""
"wn30:08566028-n","end","either extremity of something that has length","noun","3","95","3","",""
"wn30:02148788-v","show","give an exhibition of to an interested audience","verb","4","95","3","",""
"wn30:00749230-a","easy","posing no difficulty; requiring little effort","adjective","4","95","3","",""
"wn30:13740168-n","nothing","a quantity of no importance","noun","7","95","3","",""
"wn30:02760116-a","medical","relating to the study or practice of medicine","adjective","7","95","3","",""
"wn30:01448100-v","pull","cause to move by pulling","verb","4","95","3","",""
"wn30:05093890-n","level","a position on a scale of intensity or amount or quality","noun","5","95","3","",""
"wn30:00002621-r","hardly","only a very short time before","adverb","6","95","3","",""
"wn30:00913065-v","scream","utter a sudden loud cry","verb","6","95","3","",""
"wn30:00176383-r","heavily","to a considerable degree","adverb","7","95","3","",""
"wn30:06364641-n","literature","creative writing of recognized artistic value","noun","10","95","3","",""
"wn30:00634472-v","conclude","decide by reasoning; draw or come to a conclusion","verb","8","95","3","",""
"wn30:02450256-v","participate","share in something","verb","11","95","3","",""
"wn30:01033527-v","deal","act on verbally or in some form of artistic expression","verb","4","95","3","",""
"wn30:00220869-v","strengthen","make strong or stronger","verb","10","95","3","",""
"wn30:01020005-v","remark","make mention of","verb","6","95","3","",""
"wn30:00068368-r","along","with a forward motion","adverb","5","95","3","",""
"wn30:00004722-r","just","and nothing more","adverb","4","95","3","",""
"wn30:00887463-v","devote","give entirely to a specific person, activity, or cause","verb","6","95","3","",""
"wn30:05168261-n","importance","the quality of being important and worthy of note","noun","10","95","3","",""
"wn30:01472628-a","major","of greater importance or stature or rank","adjective","5","95","3","",""
"wn30:15282696-n","speed","distance travelled per unit time","noun","5","95","3","",""
"wn30:09876454-n","brother","a male with the same parents as someone else","noun","7","95","3","",""
"wn30:08324514-n","commission","a special group delegated to consider some matter","noun","10","95","3","",""
"wn30:01148283-a","happy","enjoying or showing or marked by joy or pleasure","adjective","5","95","3","",""
"wn30:02106506-v","perceive","to become aware of through the senses","verb","8","95","3","",""
"wn30:07082573-n","tone","the quality of a person's voice","noun","4","95","3","",""
"wn30:00429060-v","reduce","cut down on; make a reduction in","verb","6","95","3","",""
"wn30:15113229-n","period","an amount of time","noun","6","95","3","",""
"wn30:01206218-v","touch","make physical contact with, come in contact with","verb","5","95","3","",""
"wn30:00084223-r","especially","to a distinctly greater extent or degree than is common","adverb","10","95","3","",""
"wn30:01192628-v","afford","be able to spare or give up","verb","6","95","3","",""
"wn30:00717358-v","react","show a response or a reaction to something","verb","5","95","3","",""
"wn30:14322699-n","pain","a symptom of some physical hurt or disorder","noun","4","95","3","",""
"wn30:00027167-n","location","a point or extent in space","noun","8","95","3","",""
"wn30:02697120-v","threaten","pose a threat to; present a danger to","verb","8","95","3","",""
"wn30:00126264-v","alter","cause to change; make different; cause a transformation","verb","5","95","3","",""
"wn30:02168965-v","peer","look searchingly","verb","4","95","3","",""
"wn30:00426928-n","recreation","an activity that diverts or amuses or stimulates","noun","10","95","3","",""
"wn30:02522864-v","manage","be successful; achieve a goal","verb","6","95","3","",""
"wn30:00947128-n","use","the act of using","noun","3","95","3","",""
"wn30:02728440-n","clothes","clothing in general","noun","7","95","3","",""
"wn30:00029367-r","moreover","in addition","adverb","8","95","3","",""
"wn30:00842989-v","accuse","bring an accusation against; level a charge against","verb","6","95","3","",""
"wn30:00085811-r","rapidly","with rapid movements","adverb","7","95","3","",""
"wn30:05548840-n","shoulder","the part of the body between the neck and the upper arm","noun","8","95","3","",""
"wn30:01405044-v","hit","cause to move by striking","verb","3","95","3","",""
"wn30:00108479-r","here","in or at this place; where the speaker or writer is","adverb","4","95","3","",""
"wn30:09992837-n","daughter","a female human offspring","noun","8","95","3","",""
"wn30:02603699-v","exist","have an existence, be extant","verb","5","95","3","",""
"wn30:07283608-n","occurrence","an event that happens","noun","10","95","3","",""
"wn30:07543288-n","love","a strong positive emotion of regard and affection","noun","4","95","3","",""
"wn30:00292937-a","busy","actively or fully engaged or occupied","adjective","4","95","3","",""
"wn30:01904930-v","walk","use one's feet to advance; advance by steps","verb","4","95","3","",""
"wn30:02248465-v","find","come upon, as if by accident; meet with","verb","4","95","3","",""
"wn30:00004722-r","merely","and nothing more","adverb","6","95","3","",""
"wn30:13779032-n","volume","the amount of 3-dimensional space occupied by an object","noun","6","95","3","",""
"wn30:13750844-n","thousand","the cardinal number that is the product of 10 and 100","noun","8","95","3","",""
"wn30:01020005-v","note","make mention of","verb","4","95","3","",""
"wn30:05919263-n","heart","the locus of feelings and intuitions","noun","5","95","3","",""
"wn30:15290337-n","phase","any distinct time period in a sequence of events","noun","5","95","3","",""
"wn30:07048000-n","song","a short musical composition with words","noun","4","95","3","",""
"wn30:15121625-n","future","the time yet to come","noun","6","95","3","",""
"wn30:08559508-n","home","where you live at a particular time","noun","4","95","3","",""
"wn30:00631737-v","guess","expect, believe, or suppose","verb","5","95","3","",""
"wn30:02778669-n","ball","round object that is hit or thrown or kicked in games","noun","4","95","3","",""
"wn30:08179689-n","public","people in general considered as a whole","noun","6","95","3","",""
"wn30:07307477-n","incident","a single distinct event","noun","8","95","3","",""
"wn30:00116791-r","together","in contact with each other or in proximity","adverb","8","95","3","",""
"wn30:00471711-v","eliminate","terminate, end, or take out","verb","9","95","3","",""
"wn30:02718309-v","share","have in common","verb","5","95","3","",""
"wn30:08114861-n","department","a specialized division of a large organization","noun","10","95","3","",""
"wn30:01010862-a","first","preceding all others in time or space or degree","adjective","5","95","3","",""
"wn30:15121406-n","history","the aggregate of past events","noun","7","95","3","",""
"wn30:00007846-n","person","a human being","noun","6","95","3","",""
"wn30:01889610-v","shake","move or cause to move back and forth","verb","5","95","3","",""
"wn30:02169891-v","listen","hear with intention","verb","6","95","3","",""
"wn30:08078020-n","family","a social unit living together","noun","6","95","3","",""
"wn30:00652900-v","compare","examine and note the similarities or differences of","verb","7","95","3","",""
"wn30:00021878-r","sometimes","on certain occasions or in certain cases but not always","adverb","9","95","3","",""
"wn30:15205532-n","century","a period of 100 years","noun","7","95","3","",""
"wn30:03748886-n","product","commodities offered for sale","noun","7","95","3","",""
"wn30:00107987-r","gradually","in a gradual manner","adverb","9","95","3","",""
"wn30:01296462-v","attach","cause to be attached","verb","6","95","3","",""
"wn30:02492198-v","entertain","provide entertainment for","verb","9","95","3","",""
"wn30:08441203-n","law","the collection of rules imposed by authority","noun","3","95","3","",""
"wn30:00893955-n","training","activity leading to skilled behavior","noun","8","95","3","",""
"wn30:00153568-r","carefully","taking care or paying attention","adverb","9","95","3","",""
"wn30:08190482-n","enemy","an opposing military force","noun","5","95","3","",""
"wn30:00428404-a","clear","readily apparent to the mind","adjective","5","95","3","",""
"wn30:00160834-r","relatively","in a relative manner; by comparison to something else","adverb","10","95","3","",""
"wn30:08630039-n","region","the extended spatial location of something","noun","6","95","3","",""
"wn30:02564986-a","willing","disposed or inclined toward","adjective","7","95","3","",""
"wn30:02327200-v","provide","give something useful or necessary to","verb","7","95","3","",""
"wn30:02331262-a","successful","having succeeded or being marked by a favorable outcome","adjective","10","95","3","",""
"wn30:07309599-n","time","an instance or single occasion for some event","noun","4","95","3","",""
"wn30:01912159-v","cross","travel across or pass over","verb","5","95","3","",""
"wn30:01034312-v","discuss","to consider or examine in speech or writing","verb","7","95","3","",""
"wn30:10078806-n","farmer","a person who operates a farm","noun","6","95","3","",""
"wn30:00917300-v","suppose","express a supposition","verb","7","95","3","",""
"wn30:00081486-r","daily","every day; without missing a day","adverb","5","95","3","",""
"wn30:00039058-r","clearly","without doubt or question","adverb","7","95","3","",""
"wn30:01182021-v","feed","provide as food","verb","4","95","3","",""
"wn30:00727564-a","independent","free from external control and constraint","adjective","11","95","3","",""
"wn30:13289467-n","allotment","a share set aside for a specific purpose","noun","9","95","3","",""
"wn30:13279262-n","wage","something that remunerates","noun","4","95","3","",""
"wn30:02599636-v","take","carry out","verb","4","95","3","",""
"wn30:01508368-v","throw","propel through the air","verb","5","95","3","",""
"wn30:01074650-a","friendly","characteristic of or befitting a friend","adjective","8","95","3","",""
"wn30:00138611-r","probably","with considerable certainty; without much doubt","adverb","8","95","3","",""
"wn30:01021128-v","illustrate","clarify by giving an example of","verb","10","95","3","",""
"wn30:14449126-n","need","a condition requiring relief","noun","4","95","3","",""
"wn30:01135783-v","fire","start firing a weapon","verb","4","95","3","",""
"wn30:02814453-a","thermal","relating to or associated with heat","adjective","7","95","3","",""
"wn30:05868954-n","element","an abstract part of something","noun","7","95","3","",""
"wn30:02666239-v","differ","be different","verb","6","95","3","",""
"wn30:07355491-n","death","the event of dying or departure from life","noun","5","95","3","",""
"wn30:08223802-n","community","a group of people living in a particular local area","noun","9","95","3","",""
"wn30:01184932-a","heavy","of comparatively great physical weight or density","adjective","5","95","3","",""
"wn30:06999647-n","figure","a diagram or picture illustrating textual material","noun","6","95","3","",""
"wn30:01792640-n","hen","adult female chicken","noun","3","95","3","",""
"wn30:08008335-n","organization","a group of people who work together","noun","12","95","3","",""
"wn30:00708538-v","intend","have in mind as a purpose","verb","6","95","3","",""
"wn30:02390335-a","wild","marked by extreme lack of restraint or control","adjective","4","95","3","",""
"wn30:02077656-v","bring","take something or somebody with oneself somewhere","verb","5","95","3","",""
"wn30:08434259-n","network","an interconnected system of things or people","noun","7","95","3","",""
"wn30:08679972-n","direction","a line leading to a place or point","noun","9","95","3","",""
"wn30:03479952-n","hall","an interior passage or corridor onto which rooms open","noun","4","95","3","",""
"wn30:13954253-n","existence","the state or fact of existing","noun","9","95","3","",""
"wn30:02493030-v","visit","go to see a place, as for entertainment","verb","5","95","3","",""
"wn30:02324478-v","contribute","bestow a quality on","verb","10","95","3","",""
"wn30:01375174-a","known","apprehended with certainty","adjective","5","95","3","",""
"wn30:05124057-n","limit","the greatest possible degree of something","noun","5","95","3","",""
"wn30:09358358-n","moon","the natural satellite of the Earth","noun","4","95","3","",""
"wn30:10665698-n","student","a learner who is enrolled in an educational institution","noun","7","95","3","",""
"wn30:00006032-a","relative","estimated by comparison; not absolute or complete","adjective","8","95","3","",""
"wn30:00815686-v","answer","react verbally","verb","6","95","3","",""
"wn30:01775164-v","love","have a great affection or liking for","verb","4","95","3","",""
"wn30:02230772-v","hand","place into the hands or custody of","verb","4","95","3","",""
"wn30:10100761-n","fool","a person who lacks good judgment","noun","4","95","3","",""
"wn30:06387980-n","text","the words of something written","noun","4","95","3","",""
"wn30:00941990-v","speak","express in speech","verb","5","95","3","",""
"wn30:02637938-v","wait","stay in one place and anticipate or expect something","verb","4","95","3","",""
"wn30:01482075-v","hang","be suspended or hanging","verb","4","95","3","",""
"wn30:07337390-n","variation","an instance of change; the rate or magnitude of change","noun","9","95","3","",""
"wn30:00060939-r","before","earlier in time; previously","adverb","6","95","3","",""
"wn30:09632518-n","worker","a person who works at a specific occupation","noun","6","95","3","",""
"wn30:01016778-v","assert","state categorically","verb","6","95","3","",""
"wn30:00098714-r","rather","on the contrary","adverb","6","95","3","",""
"wn30:00875141-v","recommend","push for something","verb","9","95","3","",""
"wn30:02327200-v","furnish","give something useful or necessary to","verb","7","95","3","",""
"wn30:00577525-n","service","work done by one person or group that benefits another","noun","7","95","3","",""
"wn30:00300247-r","possibly","by chance","adverb","8","95","3","",""
"wn30:07327805-n","factor","anything that contributes causally to a result","noun","6","95","3","",""
"wn30:00880207-a","increased","made greater in size or amount or degree","adjective","9","95","3","",""
"wn30:06208751-n","view","a way of regarding situations or topics etc","noun","4","95","3","",""
"wn30:01552519-v","cut","separate with or as if with an instrument","verb","3","95","3","",""
"wn30:15237044-n","spring","the season of growth","noun","6","95","3","",""
"wn30:00166025-r","long","for an extended time or at a distant time","adverb","4","95","3","",""
"wn30:15204983-n","decade","a period of 10 years","noun","6","95","3","",""
"wn30:00611047-a","traditional","consisting of or derived from tradition","adjective","11","95","3","",""
"wn30:09303008-n","hill","a local and well-defined elevation of the land","noun","4","95","3","",""
"wn30:02624263-v","arise","come into existence; take on form or shape","verb","5","95","3","",""
"wn30:15234764-n","minute","a unit of time equal to 60 seconds or 1/60th of an hour","noun","6","95","3","",""
"wn30:10405694-n","patient","a person who requires medical care","noun","7","95","3","",""
"wn30:08307589-n","meeting","a formally arranged gathering","noun","7","95","3","",""
"wn30:01580050-a","necessary","absolutely essential","adjective","9","95","3","",""
"wn30:01128193-v","protect","shield from danger, injury, destruction, or damage","verb","7","95","3","",""
"wn30:00717358-v","respond","show a response or a reaction to something","verb","7","95","3","",""
"wn30:13776621-n","much","a great amount or extent","noun","4","95","3","",""
"wn30:15209413-n","month","one of the twelve divisions of the calendar year","noun","5","95","3","",""
"wn30:00001740-v","breathe","draw air into, and expel out of, the lungs","verb","7","95","3","",""
"wn30:00074095-r","ago","in the past","adverb","3","95","3","",""
"wn30:13649791-n","inch","a unit of length equal to one twelfth of a foot","noun","4","95","3","",""
"wn30:00345761-v","start","take the first step or steps in carrying out an action","verb","5","95","3","",""
"wn30:08621598-n","position","the particular portion of space occupied by something","noun","8","95","3","",""
"wn30:00106921-r","usually","under normal conditions","adverb","7","95","3","",""
"wn30:05677504-n","sense","a general conscious awareness","noun","5","95","3","",""
"wn30:00122661-n","shot","the act of firing a projectile","noun","4","95","3","",""
"wn30:02632353-v","lack","be without","verb","4","95","3","",""
"wn30:00756338-v","claim","assert or affirm strongly; state to be true or existing","verb","5","95","3","",""
"wn30:13963192-n","life","a characteristic state or mode of living","noun","4","95","3","",""
"wn30:00059086-r","much","to a great degree or extent","adverb","4","95","3","",""
"wn30:00147386-r","such","to so extreme a degree","adverb","4","95","3","",""
"wn30:15244650-n","moment","a particular point in time","noun","6","95","3","",""
"wn30:00060632-r","previously","at an earlier time or formerly","adverb","10","95","3","",""
"wn30:00339934-v","happen","come to pass","verb","6","95","3","",""
"wn30:05928118-n","image","an iconic mental representation","noun","5","95","3","",""
"wn30:05930736-n","pattern","a perceptual structure","noun","7","95","3","",""
"wn30:00036291-r","slightly","to a small degree or extent","adverb","8","95","3","",""
"wn30:07800091-n","feed","food for domestic livestock","noun","4","95","3","",""
"wn30:02251743-v","pay","give money, usually in exchange for goods or services","verb","3","95","3","",""
"wn30:00205885-v","improve","to make better","verb","7","95","3","",""
"wn30:06536853-n","bill","a statute in draft before it becomes law","noun","4","95","3","",""
"wn30:01113068-n","marketing","the exchange of goods for an agreed sum of money","noun","9","95","3","",""
"wn30:09945905-n","comrade","a friend who is frequently in the company of another","noun","7","95","3","",""
"wn30:00025559-r","somewhere","in or at or to some place","adverb","9","95","3","",""
"wn30:00079947-r","above","at an earlier place","adverb","5","95","3","",""
"wn30:04679738-n","expression","the feelings expressed on a person's face","noun","10","95","3","",""
"wn30:08663860-n","top","the upper part of anything","noun","3","95","3","",""
"wn30:00686447-v","accept","consider or hold as true","verb","6","95","3","",""
"wn30:13358549-n","fund","a reserve of money set aside for some purpose","noun","4","95","3","",""
"wn30:05093890-n","degree","a position on a scale of intensity or amount or quality","noun","6","95","3","",""
"wn30:05865998-n","point","a geometric element that has position but no extension","noun","5","95","3","",""
"wn30:00061203-r","later","happening at a time subsequent to a reference time","adverb","5","95","3","",""
"wn30:03327234-n","fence","a barrier that serves to enclose an area","noun","5","95","3","",""
"wn30:01024190-v","mention","make reference to","verb","7","95","3","",""
"wn30:00636574-v","derive","reason by deduction; establish by deduction","verb","6","95","3","",""
"wn30:00037226-r","really","in accordance with truth or fact or reality","adverb","6","95","3","",""
"wn30:00051848-r","directly","without deviation","adverb","8","95","3","",""
"wn30:00053744-r","practically","almost; nearly","adverb","11","95","3","",""
"wn30:01023259-v","quote","repeat a passage from","verb","5","95","3","",""
"wn30:00697589-v","decide","reach, make, or come to a decision about something","verb","6","95","3","",""
"wn30:06999647-n","fig","a diagram or picture illustrating textual material","noun","3","95","3","",""
"wn30:06634376-n","information","a message received and understood","noun","11","95","3","",""
"wn30:15290337-n","stage","any distinct time period in a sequence of events","noun","5","95","3","",""
"wn30:10285313-n","boy","a youthful male person","noun","3","95","3","",""
"wn30:02134927-v","sound","appear in a certain way","verb","5","95","3","",""
"wn30:02676054-v","concern","be relevant to","verb","7","95","3","",""
"wn30:01619929-v","destroy","do away with, cause the destruction or undoing of","verb","7","95","3","",""
"wn30:01001857-v","file","record in a public office or in a court of law","verb","4","95","3","",""
"wn30:04679738-n","look","the feelings expressed on a person's face","noun","4","95","3","",""
"wn30:06624161-n","letter","a written message addressed to a person or organization","noun","6","95","3","",""
"wn30:09908025-n","fellow","a boy or man","noun","6","95","3","",""
"wn30:06333653-n","name","a language unit by which a person or thing is known","noun","4","95","3","",""
"wn30:01009240-v","say","express in words","verb","3","95","3","",""
"wn30:01411451-a","likely","has a good chance of being the case or of coming about","adjective","6","95","3","",""
"wn30:00162632-n","decision","the act of making up your mind about something","noun","8","95","3","",""
"wn30:01275562-a","important","of great significance or value","adjective","9","95","3","",""
"wn30:01855764-a","basic","pertaining to or constituting a base or basis","adjective","5","95","3","",""
"wn30:01731031-v","sing","deliver by singing","verb","4","95","3","",""
"wn30:00047392-r","too","to a degree exceeding normal or proper limits","adverb","3","95","3","",""
"wn30:00061677-r","suddenly","happening unexpectedly","adverb","8","95","3","",""
"wn30:00884466-n","course","education imparted in a series of lessons or meetings","noun","6","95","3","",""
"wn30:02530167-v","try","make an effort or attempt","verb","3","95","3","",""
"wn30:02554922-v","promote","contribute to the progress or growth of","verb","7","95","3","",""
"wn30:10420031-n","petitioner","one praying humbly for something","noun","10","95","3","",""
"wn30:01878466-a","proper","marked by suitability or rightness or appropriateness","adjective","6","95","3","",""
"wn30:10053808-n","employee","a worker who is hired to perform a job","noun","8","95","3","",""
"wn30:00038625-r","naturally","as might be expected","adverb","9","95","3","",""
"wn30:10014939-n","manager","someone who controls resources and expenditures","noun","7","95","3","",""
"wn30:01618053-a","obvious","easily perceived by the senses or grasped by the mind","adjective","7","95","3","",""
"wn30:07473441-n","victory","a successful ending of a struggle or contest","noun","7","95","3","",""
"wn30:00021212-r","occasionally","now and then or here and there","adverb","12","95","3","",""
"wn30:04928903-n","style","how something is done or how it happens","noun","5","95","3","",""
"wn30:01514827-a","involved","connected by participation or association or use","adjective","8","95","3","",""
"wn30:00636921-n","research","systematic investigation to establish facts","noun","8","95","3","",""
"wn30:10020890-n","doctor","a licensed medical practitioner","noun","6","95","3","",""
"wn30:00452512-v","fill","make full, also in a metaphorical sense","verb","4","95","3","",""
"wn30:13736799-n","half","one of two equal parts of a divisible whole","noun","4","95","3","",""
"wn30:02055649-v","hurry","move very fast","verb","5","95","3","",""
"wn30:00029378-n","event","something that happens at a given place and time","noun","5","95","3","",""
"wn30:13943968-n","thing","a special situation","noun","5","95","3","",""
"wn30:14498096-n","soil","the state of being covered with unclean things","noun","4","95","3","",""
"wn30:15155220-n","day","time for Earth to make a complete rotation on its axis","noun","3","95","3","",""
"wn30:00014742-v","sleep","be asleep","verb","5","95","3","",""
"wn30:01415021-a","limited","small in range or scope","adjective","7","95","3","",""
"wn30:02547586-v","aid","give help or assistance; be of service","verb","3","95","3","",""
"wn30:02821627-n","bedroom","a room used primarily for sleeping","noun","7","95","3","",""
"wn30:02385102-a","tall","great in vertical dimension; high in stature","adjective","4","95","3","",""
"wn30:01078783-v","confront","oppose, as in hostility or a competition","verb","8","95","3","",""
"wn30:14002279-n","balance","a state of equilibrium","noun","7","95","3","",""
"wn30:13960974-n","absence","the state of being absent","noun","7","95","3","",""
"wn30:00046002-r","otherwise","in other respects or ways","adverb","9","95","3","",""
"wn30:00898434-v","nod","express or signify by nodding","verb","3","95","3","",""
"wn30:00019339-r","always","at all times; all the time and on every occasion","adverb","6","95","3","",""
"wn30:00087663-n","award","a grant made by a law court","noun","5","95","3","",""
"wn30:00939277-v","explain","make plain and comprehensible","verb","7","95","3","",""
"wn30:03048558-a","binomial","of or relating to or consisting of two terms","adjective","8","95","3","",""
"wn30:09917593-n","child","a young person of either sex","noun","5","95","3","",""
"wn30:00356926-a","characteristic","typical or distinctive","adjective","14","95","3","",""
"wn30:08058098-n","company","an institution created to conduct business","noun","7","95","3","",""
"wn30:01546111-v","stand","be standing; be upright","verb","5","95","3","",""
"wn30:09984659-n","customer","someone who pays for goods or services","noun","8","95","3","",""
"wn30:05134547-n","depth","the extent downward or backward or inward","noun","5","95","3","",""
"wn30:02818832-n","bed","a piece of furniture that provides a place to sleep","noun","3","95","3","",""
"wn30:00965606-a","familiar","well known or easily recognized","adjective","8","95","3","",""
"wn30:00729378-v","wonder","have a wish or desire to know something","verb","6","95","3","",""
"wn30:04090263-n","rifle","a shoulder firearm with a long barrel and a rifled bore","noun","5","95","3","",""
"wn30:00911048-n","construction","the act of constructing something","noun","12","95","3","",""
"wn30:02988060-a","national","of or relating to or belonging to a nation or country","adjective","8","95","3","",""
"wn30:00915830-v","whisper","speak softly; in a low voice","verb","7","95","3","",""
"wn30:00035058-r","often","many times at short intervals","adverb","5","95","3","",""
"wn30:01072949-v","play","participate in games or sport","verb","4","95","3","",""
"wn30:02702508-v","cost","be priced at","verb","4","95","3","",""
"wn30:01170052-v","drink","take in liquids","verb","5","95","3","",""
"wn30:09436708-n","sky","the atmosphere and outer space as viewed from the earth","noun","3","95","3","",""
"wn30:00754942-v","demand","request urgently and forcefully","verb","6","95","3","",""
"wn30:00720063-v","await","look forward to the probable occurrence of","verb","5","95","3","",""
"wn30:02680814-v","cease","put an end to a state or an activity","verb","5","95","3","",""
"wn30:00172710-n","means","how a result is obtained or an end is achieved","noun","5","95","3","",""
"wn30:05840188-n","type","a subdivision of a particular kind of thing","noun","4","95","3","",""
"wn30:00875394-v","propose","make a proposal, declare a plan for something","verb","7","95","3","",""
"wn30:10243137-n","lady","a polite name for any woman","noun","4","95","3","",""
"wn30:03183080-n","device","an instrumentality invented for a particular purpose","noun","6","95","3","",""
"wn30:00806502-v","approve","give sanction to","verb","7","95","3","",""
"wn30:00052374-v","wear","be dressed in","verb","4","95","3","",""
"wn30:08365855-n","communism","a form of socialism that abolishes private ownership","noun","9","95","3","",""
"wn30:00805376-v","agree","be in accord; be in agreement","verb","5","95","3","",""
"wn30:00036291-r","somewhat","to a small degree or extent","adverb","8","95","3","",""
"wn30:01999798-v","lead","take somebody somewhere","verb","4","95","3","",""
"wn30:04194289-n","ship","a vessel that carries passengers or freight","noun","4","95","3","",""
"wn30:01010118-v","declare","state emphatically and authoritatively","verb","7","95","3","",""
"wn30:10129825-n","girl","a young woman","noun","4","95","3","",""
"wn30:01824736-v","like","prefer or wish to do something","verb","4","95","3","",""
"wn30:02804590-a","suburban","relating to or characteristic of or situated in suburbs","adjective","8","95","3","",""
"wn30:10150940-n","guest","a visitor to whom hospitality is extended","noun","5","95","3","",""
"wn30:00249501-n","progress","gradual improvement or growth or development","noun","8","95","3","",""
"wn30:01332730-v","cover","provide with a covering or cause to be covered","verb","5","95","3","",""
"wn30:14410605-n","problem","a state of difficulty that needs to be resolved","noun","7","95","3","",""
"wn30:00007846-n","individual","a human being","noun","10","95","3","",""
"wn30:02869563-a","visual","relating to or using sight","adjective","6","95","3","",""
"wn30:05805475-n","understanding","the cognitive condition of someone who understands","noun","13","95","3","",""
"wn30:03001627-n","chair","a seat for one person, with a support for the back","noun","5","95","3","",""
"wn30:01494310-v","lay","put into a certain place or abstract location","verb","3","95","3","",""
"wn30:00102736-r","first","before anything else","adverb","5","95","3","",""
"wn30:02699497-v","represent","take the place of or be parallel or equivalent to","verb","9","95","3","",""
"wn30:06755947-n","provision","a stipulated condition","noun","9","95","3","",""
"wn30:05218119-n","corpse","the dead body of a human being","noun","6","95","3","",""
"wn30:02620587-v","constitute","form or compose","verb","10","95","3","",""
"wn30:00035718-r","pretty","to a moderately sufficient extent or degree","adverb","6","95","3","",""
"wn30:02050132-v","pass","go across or through","verb","4","95","3","",""
"wn30:01143279-a","sudden","happening without warning or in a short space of time","adjective","6","95","3","",""
"wn30:13994148-n","independence","freedom from control or influence of another or others","noun","12","95","3","",""
"wn30:05939636-n","illusion","an erroneous mental representation","noun","8","95","3","",""
"wn30:00071165-r","around","in the area or vicinity","adverb","6","95","3","",""
"wn30:00636888-v","base","use as a basis for; found on","verb","4","95","3","",""
"wn30:08256968-n","party","an organization to gain political power","noun","5","95","3","",""
"wn30:02130524-v","look","perceive with attention; direct one's gaze towards","verb","4","95","3","",""
"wn30:01826498-v","prefer","like better; value more highly","verb","6","95","3","",""
"wn30:02242464-v","sell","exchange or deliver for money or its equivalent","verb","4","95","3","",""
"wn30:04748836-n","difference","the quality of being unlike or dissimilar","noun","10","95","3","",""
"wn30:02327200-v","supply","give something useful or necessary to","verb","6","95","3","",""
"wn30:13941125-n","extent","the point or degree to which something extends","noun","6","95","3","",""
"wn30:00889831-a","equal","having the same quantity, value, or measure as another","adjective","5","95","3","",""
"wn30:02436349-v","handle","be in charge of, act on, or dispose of","verb","6","95","3","",""
"wn30:00765649-v","urge","force or impel in an indicated direction","verb","4","95","3","",""
"wn30:02452885-v","prevent","keep from happening or arising; make impossible","verb","7","95","3","",""
"wn30:02071420-a","similar","marked by correspondence or resemblance","adjective","7","95","3","",""
"wn30:02132745-v","gaze","look at with fixed eyes","verb","4","95","3","",""
"wn30:00948071-v","count","determine the number or amount of","verb","5","95","3","",""
"wn30:02074677-v","escape","run away from confinement","verb","6","95","3","",""
"wn30:01220984-n","behavior","manner of acting or controlling yourself","noun","8","95","3","",""
"wn30:00146387-r","ever","at any time","adverb","4","95","3","",""
"wn30:00973077-n","war","the waging of armed conflict against an enemy","noun","3","95","3","",""
"wn30:15262921-n","today","the present time or age","noun","5","95","3","",""
"wn30:01083157-a","full","containing as much or as many as is possible or normal","adjective","4","95","3","",""
"wn30:02641035-v","pause","interrupt temporarily an activity before continuing","verb","5","95","3","",""
"wn30:01125429-a","bad","having undesirable or negative qualities","adjective","3","95","3","",""
"wn30:02460502-a","true","consistent with fact or reality; not false","adjective","4","95","3","",""
"wn30:02560585-v","make","engage in","verb","4","95","3","",""
"wn30:01343918-a","interesting","arousing or holding the attention","adjective","11","95","3","",""
"wn30:00791227-a","dominant","exercising influence or control","adjective","8","95","3","",""
"wn30:13957601-n","presence","the state of being present; current existence","noun","8","95","3","",""
"wn30:00772189-v","argue","present reasons and arguments","verb","5","95","3","",""
"wn30:09917593-n","kid","a young person of either sex","noun","3","95","3","",""
"wn30:08179879-n","population","the people who inhabit a territory or state","noun","10","95","3","",""
"wn30:01654628-v","build","make by combining materials and parts","verb","5","95","3","",""
"wn30:02316868-v","give","cause to have, in the abstract sense or physical sense","verb","4","95","3","",""
"wn30:00683280-v","believe","accept as true; take to be true","verb","7","95","3","",""
"wn30:09466280-n","world","everything that exists anywhere","noun","5","95","3","",""
"wn30:01974062-v","lift","raise from a lower to a higher position","verb","4","95","3","",""
"wn30:00039297-n","contact","close interaction","noun","7","95","3","",""
"wn30:01822936-v","care","feel concern or interest","verb","4","95","3","",""
"wn30:02798370-a","social","relating to human society and its members","adjective","6","95","3","",""
"wn30:00174412-n","step","any maneuver made as part of progress toward a goal","noun","4","95","3","",""
"wn30:00816556-v","deny","declare untrue; contradict","verb","4","95","3","",""
"wn30:00026192-n","feeling","the experiencing of affective and emotional states","noun","7","95","3","",""
"wn30:05698247-n","doubt","the state of being unsure of something","noun","5","95","3","",""
"wn30:01940403-v","fly","travel through the air; be airborne","verb","3","95","3","",""
"wn30:02143283-v","reveal","make visible","verb","6","95","3","",""
"wn30:06286395-n","word","a unit of language that native speakers can identify","noun","4","95","3","",""
"wn30:02632167-v","possess","have as an attribute, knowledge, or skill","verb","7","95","3","",""
"wn30:14915184-n","ice","water frozen in the solid state","noun","3","95","3","",""
"wn30:00583246-n","career","the particular occupation for which you are trained","noun","6","95","3","",""
"wn30:00085811-r","quickly","with rapid movements","adverb","7","95","3","",""
"wn30:01921964-v","climb","go upward with gradual or continuous progress","verb","5","95","3","",""
"wn30:13790912-n","basis","a relation that provides the foundation for something","noun","5","95","3","",""
"wn30:01013367-v","emphasize","to stress, single out as important","verb","9","95","3","",""
"wn30:00903385-v","forgive","stop blaming or grant forgiveness","verb","7","95","3","",""
"wn30:03247620-n","drug","a substance that is used as a medicine or narcotic","noun","4","95","3","",""
"wn30:13331198-n","amount","a quantity of money","noun","6","95","3","",""
"wn30:10009276-n","detective","a police officer who investigates crimes","noun","9","95","3","",""
"wn30:00004722-r","only","and nothing more","adverb","4","95","3","",""
"wn30:00300247-r","perhaps","by chance","adverb","7","95","3","",""
"wn30:00958334-v","repeat","to say, state, or perform again","verb","6","95","3","",""
"wn30:08226699-n","village","a community of people smaller than a town","noun","7","95","3","",""
"wn30:01009240-v","tell","express in words","verb","4","95","3","",""
"wn30:07191279-n","demand","an urgent or peremptory request","noun","6","95","3","",""
"wn30:10622053-n","soldier","an enlisted man or woman who serves in an army","noun","7","95","3","",""
"wn30:00111609-r","most","used to form the superlative","adverb","4","95","3","",""
"wn30:01774136-v","hate","dislike intensely; feel antipathy or aversion towards","verb","4","95","3","",""
"wn30:02148788-v","demonstrate","give an exhibition of to an interested audience","verb","11","95","3","",""
"wn30:15137890-n","vacation","leisure time away from work devoted to rest or pleasure","noun","8","95","3","",""
"wn30:01378556-v","spread","distribute or disperse widely","verb","6","95","3","",""
"wn30:00610538-v","remind","put in the mind of someone","verb","6","95","3","",""
"wn30:02057829-a","safe","free from danger or the risk of harm","adjective","4","95","3","",""
"wn30:02554922-v","encourage","contribute to the progress or growth of","verb","9","95","3","",""
"wn30:01168468-v","eat","take in solid food","verb","3","95","3","",""
"wn30:09947232-n","composer","someone who composes music as a profession","noun","8","95","3","",""
"wn30:00063172-r","instead","in place of, or as an alternative to","adverb","7","95","3","",""
"wn30:00705227-v","plan","have the will and intention to carry out some action","verb","4","95","3","",""
"wn30:03932203-n","piece","a separate part of a whole","noun","5","95","3","",""
"wn30:00690614-v","regard","deem to be","verb","6","95","3","",""
"wn30:00056539-r","greatly","to an extraordinary extent or degree","adverb","7","95","3","",""
"wn30:00575741-n","work","activity directed toward making or doing something","noun","4","95","3","",""
"wn30:10259348-n","lieutenant","a commissioned military officer","noun","10","95","3","",""
"wn30:02633881-v","prove","be shown or be found to be","verb","5","95","3","",""
"wn30:03525454-n","holder","a holding device","noun","6","95","3","",""
"wn30:01173038-n","blow","a powerful stroke with the fist or a weapon","noun","4","95","3","",""
"wn30:00987071-v","describe","give a description of","verb","8","95","3","",""
"wn30:08569998-n","field","a piece of land cleared of trees and usually enclosed","noun","5","95","3","",""
"wn30:05289297-n","muscle","one of the contractile organs of the body","noun","6","95","3","",""
"wn30:02524171-v","succeed","attain success or reach a desired goal","verb","7","95","3","",""
"wn30:00725274-v","surprise","cause to be surprised","verb","8","95","3","",""
"wn30:02529945-a","cool","neither warm nor very cold; giving relief from heat","adjective","4","95","3","",""
"wn30:00818974-v","insist","be emphatic or resolute and refuse to budge","verb","6","95","3","",""
"wn30:01638368-v","design","make or work out a plan for; devise","verb","6","95","3","",""
"wn30:00079499-r","tonight","during the night of the present day","adverb","7","95","3","",""
"wn30:11669921-n","flower","a plant cultivated for its blooms or blossoms","noun","6","95","3","",""
"wn30:00137313-v","affect","have an effect upon","verb","6","95","3","",""
"wn30:00597915-v","learn","gain knowledge or skills","verb","5","95","3","",""
"wn30:02830501-a","literary","of or relating to or characteristic of literature","adjective","8","95","3","",""
"wn30:00004722-r","simply","and nothing more","adverb","6","95","3","",""
"wn30:15286249-n","rate","a magnitude or frequency relative to a time unit","noun","4","95","3","",""
"wn30:01826723-v","hope","expect and wish","verb","4","95","3","",""
"wn30:01866192-v","roll","move by turning over or rotating","verb","4","95","3","",""
"wn30:00921300-v","indicate","be a signal for or a symptom of","verb","8","95","3","",""
"wn30:11508092-n","smoke","a cloud of fine particles suspended in a gas","noun","5","95","3","",""
"wn30:00035189-n","achievement","the action of accomplishing something","noun","11","95","3","",""
"wn30:01821266-a","possible","capable of happening or existing","adjective","8","95","3","",""
"wn30:15120823-n","past","the time that has elapsed","noun","4","95","3","",""
"wn30:00512877-v","enable","render capable or able for some task","verb","6","95","3","",""
"wn30:10694258-n","teacher","a person whose occupation is teaching","noun","7","95","3","",""
"wn30:00031798-r","already","prior to a specified or implied time","adverb","7","95","3","",""
"wn30:00644503-n","study","a detailed critical inspection","noun","5","95","3","",""
"wn30:13810818-n","rest","something left after other parts have been taken away","noun","4","95","3","",""
"wn30:00455599-n","game","a contest with rules to determine a winner","noun","4","95","3","",""
"wn30:05637558-n","skill","an ability that has been acquired by training","noun","5","95","3","",""
"wn30:02240481-v","seek","try to get or reach","verb","4","95","3","",""
"wn30:00870213-v","warn","notify of danger, potential harm, or risk","verb","4","95","3","",""
"wn30:00156601-v","increase","become bigger or greater in amount","verb","8","95","3","",""
"wn30:00426958-v","disappear","get lost, as without warning or explanation","verb","9","95","3","",""
"wn30:01101391-a","general","applying to all or most members of a category or group","adjective","7","95","3","",""
"wn30:00145571-r","sufficiently","to a sufficient degree","adverb","12","95","3","",""
"wn30:00791078-n","trial","the act of testing something","noun","5","95","3","",""
"wn30:01009240-v","state","express in words","verb","5","95","3","",""
"wn30:01212469-a","low","less than normal in degree or intensity or amount","adjective","3","95","3","",""
"wn30:08266235-n","table","a set of data arranged in rows and columns","noun","5","95","3","",""
"wn30:01137138-v","shoot","hit with a missile from a weapon","verb","5","95","3","",""
"wn30:07319103-n","success","an event that accomplishes its intended purpose","noun","7","95","3","",""
"wn30:02064745-a","different","unlike in nature or quality or form or degree","adjective","9","95","3","",""
"wn30:00690614-v","consider","deem to be","verb","8","95","3","",""
"wn30:00183053-a","available","obtainable or accessible and ready for use or service","adjective","9","95","3","",""
"wn30:00250259-n","development","act of improving by expanding or enlarging or refining","noun","11","95","3","",""
"wn30:05671325-n","matter","a vaguely specified concern","noun","6","95","3","",""
"wn30:05809745-n","tradition","an inherited pattern of thought or action","noun","9","95","3","",""
"wn30:08276720-n","school","an educational institution","noun","6","95","3","",""
"wn30:02677097-v","involve","connect closely and often incriminatingly","verb","7","95","3","",""
"wn30:00149510-r","actually","in actual fact","adverb","8","95","3","",""
"wn30:02445509-v","conduct","direct the course of; manage or control","verb","7","95","3","",""
"wn30:00031820-v","laugh","produce laughter","verb","5","95","3","",""
"wn30:00039941-r","apparently","from appearances alone","adverb","10","95","3","",""
"wn30:13720096-n","pound","16 ounces avoirdupois","noun","5","95","3","",""
"wn30:02646378-v","deserve","be worthy or deserving","verb","7","95","3","",""
"wn30:08209687-n","police","the force of policemen and officers","noun","6","95","3","",""
"wn30:02488834-v","marry","take in marriage","verb","5","95","3","",""
"wn30:00625119-v","read","interpret something that is written or printed","verb","4","95","3","",""
"wn30:10372373-n","official","a worker who holds or is invested with an office","noun","8","95","3","",""
"wn30:00484166-v","complete","come or bring to a finish or an end","verb","8","95","3","",""
"wn30:07193596-n","question","an instance of questioning","noun","8","95","3","",""
"wn30:00974367-v","announce","make known; make an announcement","verb","8","95","3","",""
"wn30:07308889-n","case","an occurrence of something","noun","4","95","3","",""
"wn30:08430568-n","line","a formation of people or things one beside another","noun","4","95","3","",""
"wn30:05311054-n","eye","the organ of sight","noun","3","95","3","",""
"wn30:01951480-v","send","cause to go somewhere","verb","4","95","3","",""
"wn30:00719734-v","expect","regard something as probable or likely","verb","6","95","3","",""
"wn30:09334396-n","ground","the solid part of the earth's surface","noun","6","95","3","",""
"wn30:05671325-n","affair","a vaguely specified concern","noun","6","95","3","",""
"wn30:02148788-v","present","give an exhibition of to an interested audience","verb","7","95","3","",""
"wn30:00407535-n","activity","any specific behavior","noun","8","95","3","",""
"wn30:01543123-v","sit","be seated","verb","3","95","3","",""
"wn30:03574816-n","instrument","a device that requires skill for proper use","noun","10","95","3","",""
"wn30:00689344-v","think","judge or regard; look upon; judge","verb","5","95","3","",""
"wn30:00912960-n","production","the act or process of producing something","noun","10","95","3","",""
"wn30:02053941-v","approach","move towards","verb","8","95","3","",""
"wn30:00493460-a","individual","being or characteristic of a single thing or person","adjective","10","95","3","",""
"wn30:03619890-n","kitchen","a room equipped for preparing meals","noun","7","95","3","",""
"wn30:02982729-a","hypothalamic","of or relating to the hypothalamus","adjective","12","95","3","",""
"wn30:04924103-n","age","how long something has existed","noun","3","95","3","",""
"wn30:00713167-v","associate","make a logical or causal connection","verb","9","95","3","",""
"wn30:09178999-n","reason","a rational motive for a belief or action","noun","6","95","3","",""
"wn30:02375131-v","engage","carry out or participate in an activity; be involved in","verb","6","95","3","",""
"wn30:13278375-n","payment","a sum of money paid or a claim discharged","noun","7","95","3","",""
"wn30:05190804-n","power","possession of controlling influence","noun","5","95","3","",""
"wn30:07484265-n","desire","the feeling that accompanies an unsatisfied state","noun","6","95","3","",""
"wn30:02296726-v","offer","make available or accessible, provide or furnish","verb","5","95","3","",""
"wn30:01727926-a","past","earlier than the present time; no longer current","adjective","4","95","3","",""
"wn30:00015388-n","animal","a living organism characterized by voluntary movement","noun","6","95","3","",""
"wn30:02204692-v","own","have ownership or possession of","verb","3","95","3","",""
"wn30:10780632-n","wife","a married woman; a man's partner in marriage","noun","4","95","3","",""
"wn30:00943837-v","express","give expression to","verb","7","95","3","",""
"wn30:03956922-n","plant","buildings for carrying on industrial labor","noun","5","95","3","",""
"wn30:01654628-v","construct","make by combining materials and parts","verb","9","95","3","",""
"wn30:00795720-n","project","any piece of work that is undertaken or attempted","noun","7","95","3","",""
"wn30:05029706-n","strength","the property of being physically or mentally strong","noun","8","95","3","",""
"wn30:00815686-v","reply","react verbally","verb","5","95","3","",""
"wn30:00028651-n","space","the unlimited expanse in which everything is located","noun","5","95","3","",""
"wn30:02727825-n","apparatus","equipment designed to serve a specific function","noun","9","95","3","",""
"wn30:00423971-v","emerge","come out into view, as from concealment","verb","6","95","3","",""
"wn30:08182379-n","crowd","a large number of things or people considered together","noun","5","95","3","",""
"wn30:09623038-n","leader","a person who rules or guides or inspires others","noun","6","95","3","",""
"wn30:01963942-v","leap","move forward by leaps and bounds","verb","4","95","3","",""
"wn30:00107416-r","recently","in the recent past","adverb","8","95","3","",""
"wn30:00020759-r","never","not ever; at no time in the past or future","adverb","5","95","3","",""
"wn30:02217266-v","finance","obtain or provide money for","verb","7","95","3","",""
"wn30:13754293-n","increase","a quantity that is added","noun","8","95","3","",""
"wn30:01651293-v","undertake","enter upon an activity or enterprise","verb","9","95","3","",""
"wn30:15159583-n","date","the specified day of the month","noun","4","95","3","",""
"wn30:02547317-a","wet","covered or soaked with a liquid such as water","adjective","3","95","3","",""
"wn30:00073897-r","primarily","for the most part","adverb","9","95","3","",""
"wn30:01496021-a","minimum","the least possible","adjective","7","95","3","",""
"wn30:02038357-v","lean","to incline or bend from a vertical position","verb","4","95","3","",""
"wn30:00728617-v","realize","be fully aware or cognizant of","verb","7","95","3","",""
"wn30:15165289-n","morning","the time period between dawn and noon","noun","7","95","3","",""
"wn30:06601327-n","meaning","the message that is intended or expressed or signified","noun","7","95","3","",""
"wn30:02210119-v","receive","get something; come into possession of","verb","7","95","3","",""
"wn30:02526085-v","achieve","to gain with effort","verb","7","95","3","",""
"wn30:08213817-n","regiment","army unit smaller than a division","noun","8","95","3","",""
"wn30:02427103-v","establish","set up or found","verb","9","95","3","",""
"wn30:02016523-v","enter","to come or go into","verb","5","95","3","",""
"wn30:00033922-r","presently","in the near future","adverb","9","95","3","",""
"wn30:01495725-a","maximum","the greatest or most complete or best possible","adjective","7","95","3","",""
"wn30:00339934-v","occur","come to pass","verb","5","95","3","",""
"wn30:00803325-v","authorize","grant authorization or clearance for","verb","9","95","3","",""
"wn30:00006105-r","largely","in large part; mainly or chiefly","adverb","7","95","3","",""
"wn30:00149583-v","become","enter or assume a certain state or condition","verb","6","95","3","",""
"wn30:08641113-n","neighborhood","a surrounding or nearby region","noun","12","95","3","",""
"wn30:05850624-n","aspect","a distinct feature or element in a problem","noun","6","95","3","",""
"wn30:00345761-v","begin","take the first step or steps in carrying out an action","verb","5","95","3","",""
"wn30:02443849-v","operate","direct or control; projects, businesses, etc","verb","7","95","3","",""
"wn30:00637259-v","compute","make a mathematical calculation or computation","verb","7","95","3","",""
"wn30:01935233-v","head","to go or travel towards","verb","4","95","3","",""
"wn30:10624074-n","son","a male human offspring","noun","3","95","3","",""
"wn30:00033922-r","soon","in the near future","adverb","4","95","3","",""
"wn30:13920835-n","condition","a state at a particular time","noun","9","95","3","",""
"wn30:00158309-r","exactly","indicating exactness or preciseness","adverb","7","95","3","",""
"wn30:01968569-v","rise","move upward","verb","4","95","3","",""
"wn30:01210854-a","high","greater than normal in degree or intensity or amount","adjective","4","95","3","",""
"wn30:02009433-v","leave","go away from a place","verb","5","95","3","",""
"wn30:02150510-v","watch","look attentively","verb","5","95","3","",""
"wn30:02727039-v","range","change or be different within limits","verb","5","95","3","",""
"wn30:09270894-n","earth","the 3rd planet from the sun; the planet we live on","noun","5","95","3","",""
"wn30:14956325-n","mud","water soaked soil; soft wet earth","noun","3","95","3","",""
"wn30:09397391-n","pond","a small lake","noun","4","95","3","",""
"wn30:06303888-n","term","a word or expression used for some particular thing","noun","4","95","3","",""
"wn30:04928903-n","way","how something is done or how it happens","noun","3","95","3","",""
"wn30:00101323-r","far","to a considerable degree; very much","adverb","3","95","3","",""
"wn30:00075161-r","back","in or to or toward a former location","adverb","4","95","3","",""
"wn30:00118869-r","once","on one occasion","adverb","4","95","3","",""
"wn30:08397255-n","troops","soldiers collectively","noun","6","95","3","",""
"wn30:02743261-a","human","characteristic of humanity","adjective","5","95","3","",""
"wn30:08565701-n","edge","the boundary of a surface","noun","4","95","3","",""
"wn30:02023107-v","meet","come together","verb","4","95","3","",""
"wn30:00797430-v","refuse","show unwillingness towards","verb","6","95","3","",""
"wn30:05935060-n","memory","something that is remembered","noun","6","95","3","",""
"wn30:05602835-n","cheek","either side of the face below the eyes","noun","5","95","3","",""
"wn30:01871979-v","push","move with force, ""He pushed the table into a corner""","verb","4","95","3","",""
"wn30:15169873-n","week","any period of seven consecutive days","noun","4","95","3","",""
"wn30:08401248-n","branch","a division of some larger or more complex organization","noun","6","94","3","",""
"wn30:01041415-v","wave","signal with the hands or nod","verb","4","94","3","",""
"wn30:00409709-r","close","near in time or place or relationship","adverb","5","94","3","",""
"wn30:01453433-v","drag","pull, as against a resistance","verb","4","94","3","",""
"wn30:10609325-n","slave","a person who is owned by someone","noun","5","94","3","",""
"wn30:02607830-v","stretch","occupy a large, elongated area","verb","7","94","3","",""
"wn30:00392690-r","longer","for more time","adverb","6","94","3","",""
"wn30:05784831-n","consideration","the process of giving careful thought to something","noun","13","94","3","",""
"wn30:00665886-v","confirm","establish or strengthen as with new evidence or facts","verb","7","94","3","",""
"wn30:00059854-r","increasingly","advancing in amount or intensity","adverb","12","94","3","",""
"wn30:00122661-n","shooting","the act of firing a projectile","noun","8","94","3","",""
"wn30:00690614-v","view","deem to be","verb","4","94","3","",""
"wn30:10231515-n","king","a male sovereign; ruler of a kingdom","noun","4","94","3","",""
"wn30:00896803-v","justify","show to be reasonable or provide adequate ground for","verb","7","94","3","",""
"wn30:02669477-v","exceed","be greater in scope or size than some standard","verb","6","94","3","",""
"wn30:05892651-n","requirement","required activity","noun","11","94","3","",""
"wn30:00026385-v","relax","become less tense, rest, or take one's ease","verb","5","94","3","",""
"wn30:00520257-n","show","the act of publicly exhibiting or entertaining","noun","4","94","3","",""
"wn30:00160440-r","closely","in a close relation or position in time or space","adverb","7","94","3","",""
"wn30:13777344-n","supply","an amount of something available for use","noun","6","94","3","",""
"wn30:01834304-a","practical","concerned with actual use or practice","adjective","9","94","3","",""
"wn30:00351638-n","reduction","the act of decreasing or reducing something","noun","9","94","3","",""
"wn30:00929839-v","imply","express or state indirectly","verb","5","94","3","",""
"wn30:00066781-r","ahead","at or in the front","adverb","5","94","3","",""
"wn30:00687295-v","doubt","consider unlikely or have doubts about","verb","5","94","3","",""
"wn30:02560164-v","enforce","ensure observance of laws and rules","verb","7","94","3","",""
"wn30:00817680-n","protection","the activity of protecting someone or something","noun","10","94","3","",""
"wn30:02467662-v","divide","separate into parts or portions","verb","6","94","3","",""
"wn30:06671484-n","advice","a proposal for an appropriate course of action","noun","6","94","3","",""
"wn30:00181664-v","clear","rid of obstructions","verb","5","94","3","",""
"wn30:00688377-v","trust","have confidence or faith in","verb","5","94","3","",""
"wn30:01044533-v","mutter","talk indistinctly; usually in a low voice","verb","6","94","3","",""
"wn30:02447370-v","entitle","give the right to","verb","7","94","3","",""
"wn30:00286008-v","stain","color with a liquid dye or tint","verb","5","94","3","",""
"wn30:09879144-n","cop","uncomplimentary terms for a policeman","noun","3","94","3","",""
"wn30:02324026-v","borrow","get temporarily","verb","6","94","3","",""
"wn30:02748635-a","industrial","of or relating to or resulting from industry","adjective","10","94","3","",""
"wn30:02904075-a","administrative","of or relating to or responsible for administration","adjective","14","94","3","",""
"wn30:00053274-r","swiftly","in a swift manner","adverb","7","94","3","",""
"wn30:00196203-r","properly","in the right manner","adverb","8","94","3","",""
"wn30:08544419-n","corner","a place off to the side of an area","noun","6","94","3","",""
"wn30:08337324-n","agency","an administrative unit of government","noun","6","94","3","",""
"wn30:00113818-a","angry","feeling or showing anger","adjective","5","94","3","",""
"wn30:02874876-a","communist","relating to or marked by communism","adjective","9","94","3","",""
"wn30:02400760-v","elect","select by a vote for an office or membership","verb","5","94","3","",""
"wn30:08238463-n","grade","a body of students who are taught together","noun","5","94","3","",""
"wn30:02826701-a","electrical","relating to or concerned with electricity","adjective","10","94","3","",""
"wn30:00005567-r","automatically","in a reflex manner","adverb","13","94","3","",""
"wn30:00035385-r","rarely","not often","adverb","6","94","3","",""
"wn30:01024190-v","refer","make reference to","verb","5","94","3","",""
"wn30:08213978-n","brigade","army unit smaller than a division","noun","7","94","3","",""
"wn30:02281093-v","store","keep or lay aside for future use","verb","5","94","3","",""
"wn30:00795720-n","task","any piece of work that is undertaken or attempted","noun","4","94","3","",""
"wn30:00442361-a","far","located at a great distance in time or space or degree","adjective","3","94","3","",""
"wn30:13275288-n","expenditure","money paid out; an amount spent","noun","11","94","3","",""
"wn30:09433442-n","shore","the land along the edge of a body of water","noun","5","94","3","",""
"wn30:02716165-v","accompany","be present or associated with an event or entity","verb","9","94","3","",""
"wn30:14539268-n","security","the state of being free from danger or injury","noun","8","94","3","",""
"wn30:00712135-v","figure","judge to be probable","verb","6","94","3","",""
"wn30:00309021-a","careful","exercising caution or showing care or attention","adjective","7","94","3","",""
"wn30:15153787-n","years","a late time of life","noun","5","94","3","",""
"wn30:00976508-a","fast","acting or moving or capable of acting or moving quickly","adjective","4","94","3","",""
"wn30:02506546-v","compel","force somebody to do something","verb","6","94","3","",""
"wn30:02507464-v","bother","take the trouble to do something; concern oneself","verb","6","94","3","",""
"wn30:02561888-a","narrow","not wide","adjective","6","94","3","",""
"wn30:04850117-n","justice","the quality of being just or fair","noun","7","94","3","",""
"wn30:01837744-a","precise","sharply exact or accurate or delimited","adjective","7","94","3","",""
"wn30:00897564-v","address","speak to","verb","7","94","3","",""
"wn30:05868954-n","component","an abstract part of something","noun","9","94","3","",""
"wn30:01894649-v","dance","move in a graceful and rhythmical way","verb","5","94","3","",""
"wn30:00035718-r","fairly","to a moderately sufficient extent or degree","adverb","6","94","3","",""
"wn30:00165018-r","seriously","in a serious manner","adverb","9","94","3","",""
"wn30:00080039-r","below","in or to a place that is lower","adverb","5","94","3","",""
"wn30:02532595-v","experiment","to conduct a test or investigation","verb","10","94","3","",""
"wn30:03948459-n","pistol","a firearm that is held and fired with one hand","noun","6","94","3","",""
"wn30:01573515-v","tear","separate or cause to separate abruptly","verb","4","94","3","",""
"wn30:00014285-r","considerably","to a great extent or degree","adverb","12","94","3","",""
"wn30:00623151-v","interpret","make sense of; assign a meaning to","verb","9","94","3","",""
"wn30:07127006-n","laugh","the sound of laughing","noun","5","94","3","",""
"wn30:01743086-n","anaconda","large arboreal boa of tropical South America","noun","8","94","3","",""
"wn30:07985223-n","pair","a set of two similar things considered as a unit","noun","4","94","3","",""
"wn30:01152746-a","soft","yielding readily to pressure or weight","adjective","4","94","3","",""
"wn30:00749205-v","direct","command with authority","verb","6","94","3","",""
"wn30:10439851-n","player","a person who participates in or is skilled at some game","noun","6","94","3","",""
"wn30:00901103-v","introduce","cause to come to know personally","verb","9","94","3","",""
"wn30:08681777-n","trend","a general direction in which something tends to move","noun","5","94","3","",""
"wn30:07308889-n","instance","an occurrence of something","noun","8","94","3","",""
"wn30:14857021-n","effluent","water mixed with waste matter","noun","8","94","3","",""
"wn30:14776804-n","active","chemical agent capable of activity","noun","6","94","3","",""
"wn30:00594413-a","continuous","continuing in time or space without interruption","adjective","10","94","3","",""
"wn30:05169813-n","significance","the quality of being significant","noun","12","94","3","",""
"wn30:00066636-n","failure","an act that fails","noun","7","94","3","",""
"wn30:01481612-a","married","joined in matrimony","adjective","7","94","3","",""
"wn30:04928903-n","fashion","how something is done or how it happens","noun","7","94","3","",""
"wn30:08482700-n","rear","the back of a military formation or procession","noun","4","94","3","",""
"wn30:13761407-n","bit","a small piece or quantity of something","noun","3","94","3","",""
"wn30:02640440-v","hesitate","pause or hold back in uncertainty or unwillingness","verb","8","94","3","",""
"wn30:07997703-n","category","a collection of things sharing a common attribute","noun","8","94","3","",""
"wn30:05687338-n","trouble","a source of difficulty","noun","7","94","3","",""
"wn30:00678282-v","schedule","plan for an activity or event","verb","8","94","3","",""
"wn30:00913065-v","yell","utter a sudden loud cry","verb","4","94","3","",""
"wn30:01979901-v","land","reach or come to rest","verb","4","94","3","",""
"wn30:13381734-n","check","a written order directing a bank to pay money","noun","5","94","3","",""
"wn30:00892315-v","thank","express gratitude or show appreciation to","verb","5","94","3","",""
"wn30:00685683-v","reject","refuse to accept or acknowledge","verb","6","94","3","",""
"wn30:01684899-v","paint","make a painting","verb","5","94","3","",""
"wn30:10264437-n","linguist","a specialist in linguistics","noun","8","94","3","",""
"wn30:08573472-n","front","the side that is forward or prominent","noun","5","94","3","",""
"wn30:00781000-v","proceed","continue talking","verb","7","94","3","",""
"wn30:02611630-v","define","determine the essential quality of","verb","6","94","3","",""
"wn30:09428293-n","coast","the shore of a sea or ocean","noun","5","94","3","",""
"wn30:02021905-a","rich","possessing material wealth","adjective","4","94","3","",""
"wn30:13296899-n","benefit","financial assistance in time of need","noun","7","94","3","",""
"wn30:05933054-n","sight","an instance of visual perception","noun","5","94","3","",""
"wn30:02416278-v","cooperate","work together on a common enterprise of project","verb","9","94","3","",""
"wn30:00029367-r","furthermore","in addition","adverb","11","94","3","",""
"wn30:01282014-a","impressive","making a strong or vivid impression","adjective","10","94","3","",""
"wn30:00015388-n","creature","a living organism characterized by voluntary movement","noun","8","94","3","",""
"wn30:05837957-n","judgment","an opinion formed by judging something","noun","8","94","3","",""
"wn30:02023107-v","encounter","come together","verb","9","94","3","",""
"wn30:00666058-a","current","occurring in or belonging to the present time","adjective","7","94","3","",""
"wn30:02645007-v","total","add up in number or quantity","verb","5","94","3","",""
"wn30:14447908-n","health","a healthy state of wellbeing free from disease","noun","6","94","3","",""
"wn30:01545883-v","rest","not move; be in a resting position","verb","4","94","3","",""
"wn30:02700104-v","accord","go together","verb","6","94","3","",""
"wn30:00306426-n","journey","the act of traveling from one place to another","noun","7","94","3","",""
"wn30:14524849-n","atmosphere","a particular environment or surrounding influence","noun","10","94","3","",""
"wn30:00137915-r","respectively","in the order given","adverb","12","94","3","",""
"wn30:13983515-n","darkness","absence of light or illumination","noun","8","94","3","",""
"wn30:00641672-v","multiply","combine by multiplication","verb","8","94","3","",""
"wn30:00161193-r","readily","without much difficulty","adverb","7","94","3","",""
"wn30:13984944-n","shadow","shade within clear boundaries","noun","6","94","3","",""
"wn30:00173353-r","deeply","to a great depth psychologically","adverb","6","94","3","",""
"wn30:02599939-a","academic","associated with academia or an academy","adjective","8","94","3","",""
"wn30:07511733-n","hope","a specific instance of feeling hopeful","noun","4","94","3","",""
"wn30:00890590-v","assure","make certain of","verb","6","94","3","",""
"wn30:00100267-r","late","later than usual or than expected","adverb","4","94","3","",""
"wn30:02161432-a","significant","important in effect or meaning","adjective","11","94","3","",""
"wn30:02058994-v","rush","move fast","verb","4","94","3","",""
"wn30:02627753-v","stem","grow out of, have roots in, originate in","verb","4","94","3","",""
"wn30:02154312-v","spot","catch sight of","verb","4","94","3","",""
"wn30:10548537-n","salesman","a man salesperson","noun","8","94","3","",""
"wn30:08588294-n","interior","the region that is inside of something","noun","8","94","3","",""
"wn30:05682570-n","curiosity","a state in which you want to learn more about something","noun","9","94","3","",""
"wn30:10014939-n","director","someone who controls resources and expenditures","noun","8","94","3","",""
"wn30:00867409-v","question","challenge the accuracy, probity, or propriety of","verb","8","94","3","",""
"wn30:00007703-r","partly","in part; in some degree; not wholly","adverb","6","94","3","",""
"wn30:00788973-n","struggle","an energetic attempt to achieve something","noun","8","94","3","",""
"wn30:14540765-n","danger","the condition of being susceptible to harm or injury","noun","6","94","3","",""
"wn30:06818121-n","arrow","a mark to indicate a direction or relation","noun","5","94","3","",""
"wn30:01963942-v","jump","move forward by leaps and bounds","verb","4","94","3","",""
"wn30:05196582-n","authority","the power or right to give orders or make decisions","noun","9","94","3","",""
"wn30:02400037-v","favor","promote over another","verb","5","94","3","",""
"wn30:00205052-r","right","precisely, exactly","adverb","5","94","3","",""
"wn30:02547586-v","assist","give help or assistance; be of service","verb","6","94","3","",""
"wn30:07906284-n","whisky","a liquor made from fermented mash of grain","noun","6","94","3","",""
"wn30:02495922-a","useful","being of use or service","adjective","6","94","3","",""
"wn30:01905653-a","pure","free of extraneous elements of any kind","adjective","4","94","3","",""
"wn30:00142665-n","comparison","the act of examining resemblances","noun","10","94","3","",""
"wn30:15156187-n","yesterday","the day immediately before today","noun","9","94","3","",""
"wn30:03030663-n","cigarette","finely ground tobacco wrapped in paper; for smoking","noun","9","94","3","",""
"wn30:01101913-v","beat","come out better in a competition, race, or conflict","verb","4","94","3","",""
"wn30:00110533-r","inside","within a building","adverb","6","94","3","",""
"wn30:01825671-a","powerful","having great power or force or potency or effect","adjective","8","94","3","",""
"wn30:00895304-v","defend","argue or speak in defense of","verb","6","94","3","",""
"wn30:08429052-n","column","a line of units following one after another","noun","6","94","3","",""
"wn30:00138060-r","similarly","in like or similar manner","adverb","9","94","3","",""
"wn30:00495663-r","widely","to a great degree","adverb","6","94","3","",""
"wn30:00025728-r","everywhere","to or in any or all places","adverb","10","94","3","",""
"wn30:00604617-a","convenient","suited to your comfort or purpose or needs","adjective","10","94","3","",""
"wn30:02645839-v","matter","have weight; have import, carry weight","verb","6","94","3","",""
"wn30:02887578-a","sexual","of or relating to or characterized by sexuality","adjective","6","94","3","",""
"wn30:09889691-n","candidate","a politician who is running for public office","noun","9","94","3","",""
"wn30:02238770-v","secure","get by special effort","verb","6","94","3","",""
"wn30:05800611-n","investigation","an inquiry into unfamiliar or questionable activities","noun","13","94","3","",""
"wn30:07290905-n","beginning","the event consisting of the start of something","noun","9","94","3","",""
"wn30:05849789-n","characteristic","a prominent attribute or aspect of something","noun","14","94","3","",""
"wn30:05196375-n","control","power to direct or determine","noun","7","94","3","",""
"wn30:13327676-n","loss","something that is lost","noun","4","94","3","",""
"wn30:15282696-n","velocity","distance travelled per unit time","noun","8","94","3","",""
"wn30:02110220-v","experience","go or live through","verb","10","94","3","",""
"wn30:00169806-v","modify","make less severe or harsh or extreme","verb","6","94","3","",""
"wn30:01059564-v","ignore","refuse to acknowledge","verb","6","94","3","",""
"wn30:05799212-n","test","trying something to find out about it","noun","4","94","3","",""
"wn30:10601451-n","sir","term of address for a man","noun","3","94","3","",""
"wn30:01067694-a","fresh","recently made, produced, or harvested","adjective","5","94","3","",""
"wn30:00106921-r","normally","under normal conditions","adverb","8","94","3","",""
"wn30:13867641-n","curve","the trace of a point whose direction of motion changes","noun","5","94","3","",""
"wn30:00865387-v","swear","utter obscenities or profanities","verb","5","94","3","",""
"wn30:07516997-n","rage","a feeling of intense anger","noun","4","94","3","",""
"wn30:00623862-n","difficulty","an effort that is inconvenient","noun","10","94","3","",""
"wn30:03427296-n","gate","a movable barrier in a fence or wall","noun","4","94","3","",""
"wn30:05675601-n","self","your consciousness of your own identity","noun","4","94","3","",""
"wn30:01249724-v","rub","move over something with pressure","verb","3","94","3","",""
"wn30:00974762-n","charge","an impetuous rush toward someone or something","noun","6","94","3","",""
"wn30:07885223-n","drink","a single serving of a beverage","noun","5","94","3","",""
"wn30:01927279-a","emotional","determined or actuated by emotion rather than reason","adjective","9","94","3","",""
"wn30:02867783-a","musical","characterized by or capable of producing music","adjective","7","94","3","",""
"wn30:14543231-n","threat","something that is a source of danger","noun","6","94","3","",""
"wn30:14434866-n","emphasis","special importance or significance","noun","8","94","3","",""
"wn30:01726692-n","snake","limbless scaly elongate reptile; some are venomous","noun","5","94","3","",""
"wn30:01077350-n","prevention","the act of preventing","noun","10","94","3","",""
"wn30:10657969-n","stockholder","someone who holds shares of stock in a corporation","noun","11","94","3","",""
"wn30:07292694-n","outcome","something that results","noun","7","94","3","",""
"wn30:00865387-v","curse","utter obscenities or profanities","verb","5","94","3","",""
"wn30:01392237-v","wipe","rub with a circular motion","verb","4","94","3","",""
"wn30:10488865-n","psychologist","a scientist trained in psychology","noun","12","94","3","",""
"wn30:02304982-v","collect","get or gather together","verb","7","94","3","",""
"wn30:00158309-r","precisely","indicating exactness or preciseness","adverb","9","94","3","",""
"wn30:00177289-r","strongly","with strength or in a strong manner","adverb","8","94","3","",""
"wn30:13934596-n","environment","the totality of surrounding conditions","noun","11","94","3","",""
"wn30:02991122-a","artistic","relating to or characteristic of art or artists","adjective","8","94","3","",""
"wn30:01111816-v","score","gain points in a game","verb","5","94","3","",""
"wn30:02109190-v","suffer","undergo or be subjected to","verb","6","94","3","",""
"wn30:00007846-n","someone","a human being","noun","7","94","3","",""
"wn30:00181075-r","apart","separated or at a distance in place or position or time","adverb","5","94","3","",""
"wn30:03629986-n","laboratory","a workplace for the conduct of scientific research","noun","10","94","3","",""
"wn30:01212572-v","clutch","take hold of; grab","verb","6","94","3","",""
"wn30:02526085-v","attain","to gain with effort","verb","6","94","3","",""
"wn30:00065294-r","twice","two times","adverb","5","94","3","",""
"wn30:02109678-a","separate","independent; not united or joint","adjective","8","94","3","",""
"wn30:01410223-v","strike","deliver a sharp blow, as with the hand, fist, or weapon","verb","6","94","3","",""
"wn30:06642138-n","news","information about recent and important events","noun","4","94","3","",""
"wn30:07573696-n","meal","the food served and eaten at one time","noun","4","94","3","",""
"wn30:00732960-a","desirable","worth having or seeking or achieving","adjective","9","94","3","",""
"wn30:14235200-n","tumor","an abnormal new mass of tissue that serves no purpose","noun","5","94","3","",""
"wn30:02704818-v","weigh","have a certain weight","verb","5","94","3","",""
"wn30:02849154-n","blanket","bedding that keeps a person warm in bed","noun","7","94","3","",""
"wn30:06791372-n","signal","any nonverbal action or gesture that encodes a message","noun","6","94","3","",""
"wn30:07527352-n","joy","the emotion of great happiness","noun","3","94","3","",""
"wn30:07015510-n","comedy","light and humorous drama with a happy ending","noun","6","94","3","",""
"wn30:02618149-v","survive","continue to live through hardship or adversity","verb","7","94","3","",""
"wn30:00761713-v","negotiate","discuss the terms of an arrangement","verb","9","94","3","",""
"wn30:01633343-v","conceive","have the idea for","verb","8","94","3","",""
"wn30:01133281-n","management","the act of managing something","noun","10","94","3","",""
"wn30:10034906-n","driver","the operator of a motor vehicle","noun","6","94","3","",""
"wn30:01121719-v","charge","to make a rush at or sudden attack upon, as in battle","verb","6","94","3","",""
"wn30:02621853-v","separate","act as a barrier between; stand between","verb","8","94","3","",""
"wn30:08287844-n","culture","a particular society at a particular time and place","noun","7","94","3","",""
"wn30:00120095-r","simultaneously","at the same instant","adverb","14","94","3","",""
"wn30:01215137-v","arrest","take into custody","verb","6","94","3","",""
"wn30:01943406-a","reasonable","showing reason or sound judgment","adjective","10","94","3","",""
"wn30:00350104-v","resume","take up or begin anew","verb","6","94","3","",""
"wn30:08645963-n","scene","the place where some action occurs","noun","5","94","3","",""
"wn30:05951180-n","possibility","a future prospect or potential","noun","11","94","3","",""
"wn30:02704928-v","last","persist for a specified period of time","verb","4","94","3","",""
"wn30:05707269-n","exception","a deliberate act of omission","noun","9","94","3","",""
"wn30:00037226-r","truly","in accordance with truth or fact or reality","adverb","5","94","3","",""
"wn30:13356112-n","funds","assets in the form of money","noun","5","94","3","",""
"wn30:00088931-r","continually","seemingly without interruption","adverb","11","94","3","",""
"wn30:00864159-v","condemn","express strong disapproval of","verb","7","94","3","",""
"wn30:14856893-n","sewage","waste matter carried away in sewers or drains","noun","6","94","3","",""
"wn30:02050452-a","rural","living in or characteristic of farming or country life","adjective","5","94","3","",""
"wn30:00637259-v","calculate","make a mathematical calculation or computation","verb","9","94","3","",""
"wn30:05819453-n","truth","a fact that has been verified","noun","5","94","3","",""
"wn30:00048475-r","today","in these times","adverb","5","94","3","",""
"wn30:05941423-n","belief","any cognitive content held as true","noun","6","94","3","",""
"wn30:02586121-v","persuade","win approval or support for","verb","8","94","3","",""
"wn30:00100002-r","little","not much","adverb","6","94","3","",""
"wn30:04683814-n","beauty","the qualities that give pleasure to the senses","noun","6","94","3","",""
"wn30:08060446-n","manufacturer","a business engaged in manufacturing some product","noun","12","94","3","",""
"wn30:00066191-v","weep","shed tears because of sadness, rage, or pain","verb","4","94","3","",""
"wn30:08324514-n","committee","a special group delegated to consider some matter","noun","9","94","3","",""
"wn30:04673965-n","appearance","outward or visible aspect of a person or thing","noun","10","94","3","",""
"wn30:04490091-n","truck","an automotive vehicle suitable for hauling","noun","5","94","3","",""
"wn30:00070166-r","softly","with low volume","adverb","6","94","3","",""
"wn30:09416076-n","stone","a lump or mass of hard consolidated mineral matter","noun","5","94","3","",""
"wn30:00053952-r","presumably","by reasonable assumption","adverb","10","94","3","",""
"wn30:10508710-n","reader","a person who enjoys reading","noun","6","94","3","",""
"wn30:00752764-v","request","express the need or desire for; ask for","verb","7","93","3","",""
"wn30:07224151-n","warning","a message informing of danger","noun","7","93","3","",""
"wn30:02631163-v","combine","have or possess in combination","verb","7","93","3","",""
"wn30:02066510-v","flow","move or progress freely as if in a stream","verb","4","93","3","",""
"wn30:08591592-n","lawn","a field of cultivated and mowed grass","noun","4","93","3","",""
"wn30:02069551-v","pour","cause to run","verb","4","93","3","",""
"wn30:00964343-n","combat","an engagement fought between two military forces","noun","6","93","3","",""
"wn30:09304465-n","hole","an opening into or through something","noun","4","93","3","",""
"wn30:00073897-r","mainly","for the most part","adverb","6","93","3","",""
"wn30:01736822-v","reproduce","make a copy or equivalent of","verb","9","93","3","",""
"wn30:09416076-n","rock","a lump or mass of hard consolidated mineral matter","noun","4","93","3","",""
"wn30:00559690-a","crowded","overfilled or compacted or concentrated","adjective","7","93","3","",""
"wn30:00438178-v","accelerate","move faster","verb","10","93","3","",""
"wn30:07020538-n","dance","an artistic form of nonverbal communication","noun","5","93","3","",""
"wn30:00693780-v","deem","keep in mind or convey as a conviction or view","verb","4","93","3","",""
"wn30:02554422-v","foster","promote the growth of","verb","6","93","3","",""
"wn30:00050817-r","firmly","with resolute determination","adverb","6","93","3","",""
"wn30:01319874-a","innocent","free from evil or guilt","adjective","8","93","3","",""
"wn30:00073897-r","chiefly","for the most part","adverb","7","93","3","",""
"wn30:06304671-n","syllable","a unit of spoken language larger than a phoneme","noun","8","93","3","",""
"wn30:01644050-v","induce","cause to arise","verb","6","93","3","",""
"wn30:01482449-v","pack","arrange in a container","verb","4","93","3","",""
"wn30:01827858-v","admire","feel admiration for","verb","6","93","3","",""
"wn30:01872745-a","profound","showing intellectual penetration or emotional depth","adjective","8","93","3","",""
"wn30:00588221-v","comprehend","get the meaning of something","verb","10","93","3","",""
"wn30:03002617-a","paramagnetic","of or relating to a paramagnet","adjective","12","93","3","",""
"wn30:00648224-v","explore","inquire into","verb","7","93","3","",""
"wn30:02940392-a","experimental","relating to or based on experiment","adjective","12","93","3","",""
"wn30:06797169-n","indication","something that serves to indicate or suggest","noun","10","93","3","",""
"wn30:01656788-v","assemble","create by putting components or members together","verb","8","93","3","",""
"wn30:00094545-r","upstairs","on a floor above","adverb","8","93","3","",""
"wn30:01413247-a","probable","likely but not certain to be or become true or real","adjective","8","93","3","",""
"wn30:07416714-n","occasion","an event that occurs at a critical time","noun","8","93","3","",""
"wn30:00544011-v","transform","subject to a mathematical transformation","verb","9","93","3","",""
"wn30:00775156-v","quarrel","have a disagreement over something","verb","7","93","3","",""
"wn30:01805982-v","appreciate","recognize with gratitude; be grateful for","verb","10","93","3","",""
"wn30:09271904-n","electron","an elementary particle with negative charge","noun","8","93","3","",""
"wn30:02833544-a","bacterial","relating to or caused by bacteria","adjective","9","93","3","",""
"wn30:01055165-n","camping","the act of encamping and living in tents in a camp","noun","7","93","3","",""
"wn30:02053941-v","near","move towards","verb","4","93","3","",""
"wn30:00121002-r","thereby","by that means or because of that","adverb","7","93","3","",""
"wn30:06021761-n","average","a statistic describing the location of a distribution","noun","7","93","3","",""
"wn30:01371756-v","kick","drive or propel with the foot","verb","4","93","3","",""
"wn30:00700451-a","definite","precise; explicit and clearly defined","adjective","8","93","3","",""
"wn30:01160342-n","punishment","the act of punishing","noun","10","93","3","",""
"wn30:03020193-a","utopian","of or pertaining to or resembling a utopia","adjective","7","93","3","",""
"wn30:05712076-n","sensation","an unelaborated elementary awareness of stimulation","noun","9","93","3","",""
"wn30:08240169-n","band","an unofficial association of people or groups","noun","4","93","3","",""
"wn30:02773838-n","suitcase","a portable rectangular container for carrying clothes","noun","8","93","3","",""
"wn30:07120524-n","cry","a loud utterance; often in protest or opposition","noun","3","93","3","",""
"wn30:06371413-n","legend","a story about mythical or supernatural beings or events","noun","6","93","3","",""
"wn30:03589791-n","jacket","a short coat","noun","6","93","3","",""
"wn30:00921014-a","exciting","creating or arousing excitement","adjective","8","93","3","",""
"wn30:00838043-v","pretend","make believe with the intent to deceive","verb","7","93","3","",""
"wn30:05203397-n","capacity","capability to perform or produce","noun","8","93","3","",""
"wn30:08539072-n","downtown","the central area or commercial center of a town or city","noun","8","93","3","",""
"wn30:02080577-a","satisfactory","giving satisfaction","adjective","12","93","3","",""
"wn30:14008806-n","operation","the state of being in effect or being operative","noun","9","93","3","",""
"wn30:15155891-n","tomorrow","the day after today","noun","8","93","3","",""
"wn30:02427916-v","enact","order by virtue of superior authority; decree","verb","5","93","3","",""
"wn30:00418563-v","stiffen","become stiff or stiffer","verb","7","93","3","",""
"wn30:14324274-n","suffering","a state of acute pain","noun","9","93","3","",""
"wn30:00759269-v","beg","call upon in supplication; entreat","verb","3","93","3","",""
"wn30:00787465-n","contribution","the part played by a person in bringing about a result","noun","12","93","3","",""
"wn30:08390157-n","infantry","an army unit consisting of soldiers who fight on foot","noun","8","93","3","",""
"wn30:00897241-v","greet","express greetings upon meeting someone","verb","5","93","3","",""
"wn30:13744304-n","four","the cardinal number that is the sum of three and one","noun","4","93","3","",""
"wn30:01212572-v","seize","take hold of; grab","verb","5","93","3","",""
"wn30:00248659-v","progress","develop in a positive way","verb","8","93","3","",""
"wn30:04566257-n","arms","weapons considered collectively","noun","4","93","3","",""
"wn30:14456054-n","vacuum","the absence of matter","noun","6","93","3","",""
"wn30:02582615-v","commit","perform an act, usually with a negative connotation","verb","6","93","3","",""
"wn30:02679012-v","qualify","prove capable or fit; meet requirements","verb","7","93","3","",""
"wn30:02531199-v","strive","attempt by employing effort","verb","6","93","3","",""
"wn30:00326324-r","effectively","in an effective manner","adverb","11","93","3","",""
"wn30:03046257-n","clock","a timepiece that shows the time of day","noun","5","93","3","",""
"wn30:04344246-n","studio","workplace for the teaching or practice of an art","noun","6","93","3","",""
"wn30:07520612-n","terror","an overwhelming feeling of fear and anxiety","noun","6","93","3","",""
"wn30:11422597-n","aerosol","a cloud of solid or liquid particles in a gas","noun","7","93","3","",""
"wn30:08646902-n","landscape","an expanse of scenery that can be seen in a single view","noun","9","93","3","",""
"wn30:02209624-n","bumblebee","robust hairy social bee of temperate regions","noun","9","93","3","",""
